"02/21/2020","[MAHOUT-208"
"01/23/2020","MAHOUT-2085"
"01/23/2020","[MAHOUT-208"
"01/23/2020","[MAHOUT-208"
"10/17/2019","[MAHOUT-207"
"10/17/2019","[MAHOUT-207"
"10/17/2019","[MAHOUT-207"
"10/17/2019","[MAHOUT-207"
"10/17/2019","[MAHOUT-201"
"10/17/2019","[MAHOUT-201"
"10/17/2019","[MAHOUT-201"
"05/10/2019","MAHOUT-2067"
"06/28/2018","MAHOUT-2042"
"06/27/2018","MAHOUT-2043"
"06/27/2018","MAHOUT-2034"
"06/26/2018","MAHOUT-2038"
"06/20/2018","MAHOUT-2039"
"06/05/2018","MAHOUT-2037"
"06/05/2018","MAHOUT-2037"
"06/05/2018","MAHOUT-2037"
"12/06/2017","MAHOUT-1981"
"12/06/2017","MAHOUT-1981"
"12/06/2017","MAHOUT-1981"
"11/29/2017","MAHOUT-1984"
"09/21/2017","MAHOUT-2012"
"06/29/2017","MAHOUT-1969"
"06/29/2017","MAHOUT-1994"
"05/21/2017","MAHOUT-1976"
"05/21/2017","MAHOUT-1962"
"05/13/2017","MAHOUT-1974"
"05/08/2017","MAHOUT-1980"
"05/08/2017","MAHOUT-1979"
"04/29/2017","MAHOUT-1953"
"03/27/2017","MAHOUT-1960"
"02/27/2017","MAHOUT-1926"
"02/27/2017","[MAHOUT-192"
"02/27/2017","MAHOUT-1919"
"02/27/2017","MAHOUT-1939"
"02/27/2017","MAHOUT-1938"
"02/27/2017","MAHOUT-1903"
"02/26/2017","[MAHOUT-190"
"02/26/2017","MAHOUT-1912"
"02/26/2017","MAHOUT-1910"
"02/24/2017","MAHOUT-1924"
"02/24/2017","MAHOUT-1894"
"02/24/2017","MAHOUT-1931"
"02/24/2017","MAHOUT-1930"
"02/20/2017","MAHOUT-1936"
"02/07/2017","MAHOUT-1935"
"02/07/2017","MAHOUT-1923"
"02/07/2017","MAHOUT-1922"
"02/07/2017","MAHOUT-1924"
"02/07/2017","MAHOUT-1934"
"01/16/2017","MAHOUT-1906"
"01/16/2017","MAHOUT-1900"
"10/21/2016","MAHOUT-1888"
"10/14/2016","MAHOUT-1883"
"10/01/2016","MAHOUT-1853"
"09/07/2016","MAHOUT-1880"
"08/12/2016","MAHOUT-1876"
"08/11/2016","MAHOUT-1877"
"08/11/2016","MAHOUT-1877"
"06/10/2016","MAHOUT-1868"
"06/08/2016","MAHOUT-1868"
"06/01/2016","MAHOUT-1867"
"05/30/2016","MAHOUT-1866"
"05/29/2016","MAHOUT-1863"
"05/27/2016","MAHOUT-1799"
"05/18/2016","MAHOUT-1859"
"05/03/2016","MAHOUT-1847"
"05/03/2016","MAHOUT-1838"
"04/11/2016","MAHOUT-1829"
"04/11/2016","MAHOUT-1818"
"04/11/2016","MAHOUT-1828"
"04/09/2016","MAHOUT-1766"
"04/08/2016","MAHOUT-1824"
"04/07/2016","MAHOUT-1823"
"04/06/2016","MAHOUT-1822"
"04/03/2016","MAHOUT-1820"
"03/30/2016","MAHOUT-1819"
"03/27/2016","MAHOUT-1749"
"03/25/2016","MAHOUT-1810"
"03/23/2016","MAHOUT-1809"
"03/22/2016","MAHOUT-1816"
"03/22/2016","MAHOUT-1810"
"03/22/2016","MAHOUT-1794"
"03/17/2016","MAHOUT-1813"
"03/15/2016","MAHOUT-1813"
"03/15/2016","MAHOUT-1807"
"03/15/2016","MAHOUT-1808"
"03/15/2016","MAHOUT-1808"
"03/15/2016","MAHOUT-1807"
"03/09/2016","MAHOUT-1801"
"03/09/2016","MAHOUT-1640"
"03/09/2016","MAHOUT-1801"
"03/09/2016","MAHOUT-1640"
"03/09/2016","MAHOUT-1640"
"11/17/2015","MAHOUT-1793"
"10/26/2015","MAHOUT-1684"
"10/25/2015","MAHOUT-1775"
"10/25/2015","MAHOUT-1775"
"10/24/2015","MAHOUT-1774"
"08/26/2015","MAHOUT-1570"
"08/25/2015","MAHOUT-1570"
"08/25/2015","MAHOUT-1701"
"08/25/2015","MAHOUT-1702"
"08/24/2015","MAHOUT-1703"
"08/21/2015","MAHOUT-1751"
"08/21/2015","MAHOUT-1764"
"08/13/2015"," MAHOUT-157"
"08/10/2015","MAHOUT-1570"
"06/25/2015","MAHOUT-1570"
"06/24/2015","MAHOUT-1702"
"06/24/2015","MAHOUT-1570"
"06/24/2015","MAHOUT-1711"
"06/18/2015","MAHOUT-1570"
"06/16/2015","MAHOUT-1734"
"06/02/2015","MAHOUT-1570"
"08/22/2015","MAHOUT-1613"
"08/08/2015","MAHOUT-1642"
"08/08/2015","MAHOUT-1675"
"08/01/2015","MAHOUT-1745"
"07/02/2015","  MAHOUT-17"
"07/02/2015","  MAHOUT-17"
"07/02/2015","MAHOUT-1736"
"06/24/2015","MAHOUT-1752"
"06/24/2015","MAHOUT-1736"
"06/24/2015","MAHOUT-1752"
"06/24/2015","MAHOUT-1738"
"06/23/2015","MAHOUT-1738"
"06/23/2015","MAHOUT-1660"
"06/11/2015","MAHOUT-1660"
"04/23/2015","MAHOUT-1690"
"04/23/2015","MAHOUT-1693"
"04/22/2015","MAHOUT-1693"
"04/22/2015","MAHOUT-1693"
"04/14/2015","MAHOUT-1681"
"04/14/2015","MAHOUT-1680"
"04/09/2015","MAHOUT-1667"
"04/08/2015","MAHOUT-1665"
"04/06/2015","MAHOUT-1493"
"04/06/2015","MAHOUT-1493"
"04/06/2015","MAHOUT-1672"
"04/06/2015","MAHOUT-1652"
"04/06/2015","MAHOUT-1676"
"04/05/2015","MAHOUT-1652"
"04/05/2015","MAHOUT-1635"
"04/05/2015","MAHOUT-1493"
"04/04/2015","MAHOUT-1662"
"04/04/2015","MAHOUT-1656"
"04/04/2015","MAHOUT-1662"
"04/04/2015","MAHOUT-1672"
"04/04/2015","MAHOUT-1656"
"04/02/2015","MAHOUT-1667"
"04/02/2015","MAHOUT-1667"
"04/02/2015","MAHOUT-1655"
"04/02/2015","MAHOUT-1278"
"04/01/2015","MAHOUT-1564"
"03/30/2015","MAHOUT-1563"
"03/29/2015","MAHOUT-1590"
"03/29/2015","MAHOUT-1563"
"03/29/2015","MAHOUT-1590"
"03/26/2015","MAHOUT-1590"
"03/26/2015","MAHOUT-1590"
"03/26/2015","MAHOUT-1590"
"03/26/2015","MAHOUT-1590"
"03/26/2015","MAHOUT-1652"
"03/25/2015","MAHOUT-1652"
"03/25/2015","MAHOUT-1652"
"03/25/2015","MAHOUT-1639"
"12/12/2014","MAHOUT-1611"
"11/19/2014","MAHOUT-1611"
"11/09/2014","MAHOUT-1616"
"08/16/2014","MAHOUT-1606"
"08/13/2014","MAHOUT-1603"
"08/08/2014","MAHOUT-1541"
"07/28/2014","MAHOUT-1597"
"07/17/2014","MAHOUT-1529"
"07/14/2014","MAHOUT-1529"
"07/07/2014","MAHOUT-1583"
"07/07/2014","MAHOUT-1541"
"07/07/2014","MAHOUT-1541"
"06/12/2014","MAHOUT-1578"
"06/10/2014","MAHOUT-1572"
"06/10/2014","MAHOUT-1571"
"06/09/2014","MAHOUT-1577"
"06/09/2014","MAHOUT-1577"
"06/09/2014","MAHOUT-1576"
"06/07/2014","MAHOUT-1574"
"06/07/2014","MAHOUT-1574"
"06/07/2014","MAHOUT-1574"
"06/07/2014","MAHOUT-1574"
"06/07/2014","MAHOUT-1566"
"06/04/2014","MAHOUT-1566"
"06/01/2014","MAHOUT-1505"
"05/27/2014","MAHOUT-1529"
"05/27/2014","MAHOUT-1529"
"05/27/2014","MAHOUT-1555"
"05/26/2014","MAHOUT-1555"
"05/26/2014","MAHOUT-1446"
"05/25/2014","MAHOUT-1480"
"05/25/2014","MAHOUT-1561"
"05/24/2014","MAHOUT-1558"
"05/24/2014","MAHOUT-1560"
"05/24/2014","MAHOUT-1554"
"04/09/2014","MAHOUT-1374"
"04/05/2014","MAHOUT-1501"
"04/05/2014","MAHOUT-1482"
"04/05/2014","MAHOUT-1450"
"03/30/2014","MAHOUT-1476"
"03/28/2014","MAHOUT-1492"
"03/27/2014","MAHOUT-1492"
"03/27/2014","MAHOUT-1491"
"03/27/2014","MAHOUT-1488"
"03/26/2014","MAHOUT-1471"
"03/20/2014","MAHOUT-1464"
"03/20/2014","MAHOUT-1464"
"03/20/2014","MAHOUT-1467"
"03/18/2014","MAHOUT-1346"
"03/18/2014","MAHOUT-1466"
"03/17/2014","MAHOUT-1346"
"03/13/2014","MAHOUT-1451"
"03/13/2014","MAHOUT-1449"
"03/12/2014","MAHOUT-1448"
"03/12/2014","MAHOUT-1447"
"03/11/2014","MAHOUT-1434"
"03/05/2014","MAHOUT-1429"
"03/03/2014","MAHOUT-1419"
"02/28/2014","MAHOUT-1419"
"01/26/2014","MAHOUT-1409"
"01/24/2014","MAHOUT-1390"
"01/16/2014","MAHOUT-1394"
"01/11/2014","MAHOUT-1393"
"01/07/2014","MAHOUT-1390"
"01/02/2014","MAHOUT-1390"
"01/02/2014","MAHOUT-1389"
"12/30/2013","MAHOUT-1358"
"12/17/2013","MAHOUT-1371"
"12/15/2013","MAHOUT-1371"
"12/15/2013","MAHOUT-1377"
"12/15/2013","MAHOUT-1378"
"12/15/2013","MAHOUT-1380"
"12/15/2013","MAHOUT-1379"
"12/04/2013","MAHOUT-1347"
"12/04/2013","MAHOUT-1347"
"12/04/2013","MAHOUT-1370"
"11/18/2013","MAHOUT-1351"
"11/17/2013","MAHOUT-1343"
"11/17/2013","MAHOUT-1292"
"11/16/2013","MAHOUT-1292"
"11/16/2013","MAHOUT-1357"
"11/15/2013","MAHOUT-1297"
"11/12/2013","MAHOUT-1352"
"11/08/2013","MAHOUT-1353"
"11/07/2013","MAHOUT-1325"
"11/03/2013","MAHOUT-1343"
"11/03/2013","MAHOUT-1325"
"10/08/2013","MAHOUT-1300"
"10/07/2013","MAHOUT-1296"
"09/18/2013","MAHOUT-1337"
"09/17/2013","MAHOUT-1320"
"09/17/2013","MAHOUT-1333"
"09/17/2013","MAHOUT-1336"
"09/17/2013","MAHOUT-1335"
"08/27/2013","MAHOUT-1318"
"08/27/2013","MAHOUT-1315"
"08/05/2013","MAHOUT-1301"
"08/01/2013","MAHOUT-1301"
"08/01/2013","MAHOUT-1296"
"07/09/2013","MAHOUT-1275"
"07/07/2013","MAHOUT-833:"
"06/16/2013","MAHOUT-1255"
"06/16/2013","MAHOUT-1254"
"06/16/2013","MAHOUT-1263"
"06/15/2013","MAHOUT-1263"
"06/15/2013","MAHOUT-1250"
"06/13/2013","MAHOUT-1250"
"06/13/2013","MAHOUT-1259"
"06/13/2013","MAHOUT-944:"
"06/13/2013","MAHOUT-1258"
"06/12/2013","MAHOUT-1258"
"06/12/2013","MAHOUT-1258"
"06/12/2013","MAHOUT-1253"
"06/11/2013","MAHOUT-1103"
"06/10/2013","MAHOUT-884:"
"06/10/2013","MAHOUT-884:"
"06/10/2013","MAHOUT-1250"
"06/10/2013","MAHOUT-992 "
"06/09/2013","MAHOUT-992:"
"06/09/2013","MAHOUT-992:"
"06/09/2013","MAHOUT-1251"
"06/09/2013","MAHOUT-1211"
"06/09/2013","MAHOUT-1211"
"06/05/2013","MAHOUT-1240"
"06/05/2013","MAHOUT-1240"
"06/04/2013","MAHOUT-1240"
"06/04/2013","MAHOUT-1052"
"06/04/2013","MAHOUT-1239"
"06/04/2013","MAHOUT-1238"
"06/03/2013","MAHOUT-1237"
"06/02/2013","MAHOUT-1196"
"06/02/2013","MAHOUT-1224"
"05/22/2013","MAHOUT-1223"
"05/21/2013","MAHOUT-1222"
"04/26/2013","MAHOUT Addi"
"04/20/2013","MAHOUT prin"
"04/15/2013","MAHOUT-1190"
"04/15/2013","MAHOUT-1190"
"03/31/2013","MAHOUT-1182"
"03/31/2013","MAHOUT-1176"
"03/27/2013","MAHOUT-1173"
"03/26/2013","MAHOUT-1174"
"03/26/2013","MAHOUT-1174"
"03/25/2013","MAHOUT-1172"
"03/20/2013","MAHOUT-1167"
"03/20/2013","MAHOUT-1166"
"03/16/2013","MAHOUT-1165"
"03/12/2013","MAHOUT-1131"
"03/12/2013","MAHOUT-1104"
"03/12/2013","MAHOUT-1130"
"01/31/2013","MAHOUT-1112"
"01/22/2013","MAHOUT-1142"
"01/22/2013","MAHOUT-609 "
"01/18/2013","MAHOUT-1062"
"01/18/2013","MAHOUT-1077"
"01/18/2013","MAHOUT-1105"
"01/18/2013","MAHOUT-1125"
"01/17/2013","MAHOUT-1139"
"01/12/2013","MAHOUT-1139"
"01/11/2013","MAHOUT-1138"
"01/11/2013","MAHOUT-1136"
"01/02/2013","MAHOUT-1127"
"12/15/2012","MAHOUT-1127"
"12/15/2012","MAHOUT-1124"
"11/18/2012","MAHOUT-1116"
"11/16/2012","MAHOUT-1115"
"11/15/2012","MAHOUT-1114"
"11/15/2012","MAHOUT-1113"
"10/26/2012","MAHOUT-1101"
"10/12/2012","MAHOUT-1100"
"10/12/2012","MAHOUT-1098"
"10/12/2012","MAHOUT-1096"
"10/12/2012","MAHOUT-1097"
"10/11/2012","MAHOUT-1096"
"10/11/2012","MAHOUT-1096"
"10/11/2012","MAHOUT-1091"
"10/11/2012","MAHOUT-1096"
"10/11/2012","MAHOUT-1086"
"10/11/2012","MAHOUT-1073"
"10/08/2012","MAHOUT-1072"
"09/21/2012","MAHOUT-166 "
"09/17/2012","MAHOUT-1059"
"09/07/2012","MAHOUT-1059"
"09/07/2012","MAHOUT-1059"
"09/04/2012","MAHOUT-1059"
"09/04/2012","MAHOUT-1059"
"09/04/2012","MAHOUT-1059"
"09/04/2012","MAHOUT-1059"
"09/04/2012","MAHOUT-1059"
"09/04/2012","MAHOUT-1059"
"09/04/2012","MAHOUT-1063"
"09/02/2012","MAHOUT-1063"
"08/09/2012","MAHOUT-1045"
"07/18/2012","MAHOUT-1046"
"06/29/2012","MAHOUT-985 "
"06/22/2012","MAHOUT-1033"
"06/22/2012","MAHOUT-954 "
"06/22/2012","MAHOUT-889 "
"06/22/2012","MAHOUT-1003"
"06/22/2012","MAHOUT-960 "
"06/07/2012","MAHOUT-1028"
"06/01/2012","MAHOUT-1020"
"06/01/2012","MAHOUT-1020"
"06/01/2012","MAHOUT-848:"
"04/06/2012","MAHOUT-973 "
"04/06/2012","MAHOUT-973 "
"04/06/2012","MAHOUT-988,"
"04/01/2012","MAHOUT-984."
"03/18/2012","MAHOUT-981,"
"03/17/2012","MAHOUT-981,"
"03/16/2012","MAHOUT-981,"
"02/15/2012","MAHOUT-929:"
"02/14/2012","MAHOUT-947:"
"02/13/2012","MAHOUT-947:"
"02/13/2012","MAHOUT-933:"
"02/13/2012","MAHOUT-933:"
"02/13/2012","MAHOUT-933:"
"02/10/2012","MAHOUT-948 "
"02/09/2012","MAHOUT-915 "
"02/09/2012","MAHOUT-784 "
"02/09/2012","MAHOUT-946 "
"02/08/2012","MAHOUT-946 "
"02/08/2012","MAHOUT-951 "
"02/07/2012","MAHOUT-971 "
"02/07/2012","MAHOUT-963 "
"02/07/2012","MAHOUT-965 "
"02/07/2012","MAHOUT-967 "
"02/07/2012","MAHOUT-970 "
"02/07/2012","MAHOUT-963 "
"01/28/2012","MAHOUT-957:"
"01/28/2012","MAHOUT-956:"
"01/09/2012","MAHOUT-899:"
"01/08/2012","MAHOUT-939:"
"12/30/2011","MAHOUT-906 "
"12/29/2011","MAHOUT-524:"
"12/29/2011","MAHOUT-937 "
"12/29/2011","MAHOUT-938 "
"12/13/2011","MAHOUT-924 "
"12/06/2011","MAHOUT-688:"
"12/06/2011","MAHOUT-909:"
"12/06/2011","MAHOUT-902 "
"12/05/2011","MAHOUT-902 "
"12/05/2011","MAHOUT-913 "
"12/05/2011","MAHOUT-912 "
"11/29/2011","MAHOUT-900 "
"11/28/2011","MAHOUT-871 "
"11/28/2011","MAHOUT-894 "
"11/28/2011","MAHOUT-895 "
"11/23/2011","MAHOUT-798:"
"11/23/2011","MAHOUT-891 "
"11/22/2011","MAHOUT-868:"
"11/21/2011","MAHOUT-876 "
"11/13/2011","MAHOUT-881:"
"11/11/2011","MAHOUT-878 "
"11/10/2011","MAHOUT-877 "
"11/07/2011","MAHOUT-155 "
"11/06/2011","MAHOUT-403:"
"11/05/2011","MAHOUT-838 "
"11/05/2011","MAHOUT-344:"
"11/03/2011","MAHOUT-155:"
"11/02/2011","MAHOUT-864:"
"11/02/2011","MAHOUT-861 "
"11/02/2011","MAHOUT-155 "
"11/02/2011","MAHOUT-854:"
"10/20/2011","MAHOUT-846:"
"10/20/2011","MAHOUT-846:"
"10/18/2011","MAHOUT-844 "
"10/17/2011","MAHOUT-842 "
"10/10/2011","MAHOUT-798:"
"10/09/2011","MAHOUT-835 "
"10/06/2011","MAHOUT-828 "
"10/01/2011","MAHOUT-778 "
"09/30/2011","MAHOUT-695 "
"09/24/2011","MAHOUT-800 "
"09/23/2011","MAHOUT-814 "
"09/21/2011","MAHOUT-524 "
"09/13/2011","MAHOUT-805 "
"09/13/2011","MAHOUT-806 "
"09/13/2011","MAHOUT-801 "
"09/12/2011","MAHOUT-767:"
"09/09/2011","MAHOUT-802:"
"09/09/2011","MAHOUT-767 "
"09/09/2011","MAHOUT-767 "
"09/09/2011","MAHOUT-767 "
"08/26/2011","MAHOUT-795:"
"08/24/2011","MAHOUT-777 "
"08/23/2011","MAHOUT-793 "
"08/22/2011","MAHOUT-678 "
"08/21/2011","MAHOUT-679 "
"08/17/2011","MAHOUT-765 "
"08/17/2011","MAHOUT-788 "
"08/17/2011","MAHOUT-786 "
"08/16/2011","MAHOUT-335:"
"07/25/2011","MAHOUT-774 "
"07/25/2011","MAHOUT-770 "
"07/25/2011","MAHOUT-727 "
"07/23/2011","MAHOUT-757 "
"07/23/2011","MAHOUT-749:"
"07/16/2011","MAHOUT-763:"
"07/15/2011","MAHOUT-763:"
"07/15/2011","MAHOUT-761:"
"07/14/2011","MAHOUT-761:"
"07/14/2011","MAHOUT-762 "
"07/14/2011","MAHOUT-756 "
"07/13/2011","MAHOUT-742 "
"07/11/2011","MAHOUT-696 "
"07/08/2011","MAHOUT-696 "
"07/06/2011","MAHOUT-755 "
"07/06/2011","MAHOUT-747 "
"07/04/2011","MAHOUT-754 "
"06/30/2011","MAHOUT-745 "
"06/27/2011","MAHOUT-743 "
"06/27/2011","MAHOUT-740 "
"06/20/2011","MAHOUT-736 "
"06/20/2011","MAHOUT-736 "
"06/19/2011","MAHOUT-710 "
"06/19/2011","MAHOUT-680 "
"06/13/2011","MAHOUT-729 "
"06/11/2011","MAHOUT-729 "
"06/11/2011","MAHOUT-729 "
"06/10/2011","MAHOUT-690 "
"06/07/2011","MAHOUT-724 "
"06/05/2011","MAHOUT-723 "
"06/04/2011","MAHOUT-415 "
"06/04/2011","MAHOUT-700 "
"06/04/2011","MAHOUT-722 "
"06/04/2011","MAHOUT-718 "
"06/04/2011","MAHOUT-714 "
"06/04/2011","MAHOUT-721 "
"06/04/2011","MAHOUT-705 "
"06/04/2011","MAHOUT-721 "
"06/04/2011","MAHOUT-699 "
"06/02/2011","MAHOUT-671 "
"06/02/2011","MAHOUT-718 "
"06/02/2011","MAHOUT-708 "
"05/20/2011","MAHOUT-694:"
"05/05/2011","MAHOUT-686:"
"05/05/2011","MAHOUT-680 "
"04/29/2011","MAHOUT-681 "
"04/23/2011","MAHOUT-680 "
"04/23/2011","MAHOUT-679 "
"04/22/2011","MAHOUT-679 "
"04/18/2011","MAHOUT-674 "
"04/18/2011","MAHOUT-479:"
"04/18/2011","MAHOUT-479:"
"04/17/2011","MAHOUT-667 "
"04/15/2011","MAHOUT-666 "
"04/12/2011","MAHOUT-542 "
"04/12/2011","MAHOUT-665 "
"04/12/2011","MAHOUT-626:"
"04/10/2011","MAHOUT-661 "
"04/10/2011","MAHOUT-552:"
"04/08/2011","MAHOUT-660:"
"04/08/2011","MAHOUT-657 "
"04/07/2011","MAHOUT-510 "
"04/07/2011","MAHOUT-588:"
"04/05/2011","MAHOUT-510 "
"04/05/2011","MAHOUT-651 "
"04/05/2011","MAHOUT-622:"
"04/05/2011","MAHOUT-649 "
"04/04/2011","MAHOUT-646 "
"04/03/2011","MAHOUT-648 "
"04/02/2011","MAHOUT-644 "
"03/25/2011","MAHOUT-634 "
"03/25/2011","MAHOUT-542 "
"03/23/2011","MAHOUT-590 "
"03/23/2011","MAHOUT-628 "
"03/07/2011","MAHOUT-593 "
"03/07/2011","MAHOUT-593:"
"02/24/2011","MAHOUT-614 "
"02/15/2011","MAHOUT-606 "
"02/14/2011","MAHOUT-608 "
"02/05/2011","MAHOUT-607 "
"02/04/2011","MAHOUT-571 "
"02/04/2011","MAHOUT-602 "
"02/04/2011","MAHOUT-602 "
"02/04/2011","MAHOUT-603 "
"01/19/2011","MAHOUT-516 "
"01/18/2011","MAHOUT-533 "
"01/18/2011","MAHOUT-584 "
"01/18/2011","MAHOUT-524:"
"01/17/2011","MAHOUT-584 "
"01/17/2011","MAHOUT-569 "
"01/17/2011","MAHOUT-496 "
"01/17/2011","MAHOUT-496 "
"01/17/2011","MAHOUT-585 "
"01/17/2011","MAHOUT-556 "
"01/17/2011","MAHOUT-556 "
"12/30/2010","MAHOUT-545 "
"12/07/2010","MAHOUT-558 "
"11/07/2010","MAHOUT-539 "
"11/05/2010","MAHOUT-539 "
"11/05/2010","MAHOUT-539 "
"11/05/2010","MAHOUT-539 "
"11/05/2010","MAHOUT-526 "
"10/05/2010","MAHOUT-521 "
"10/05/2010","MAHOUT-521 "
"10/04/2010","MAHOUT-505:"
"10/04/2010","MAHOUT-521:"
"10/03/2010","MAHOUT-287 "
"09/25/2010","MAHOUT-401:"
"09/24/2010","MAHOUT-396 "
"09/22/2010","MAHOUT-501:"
"09/20/2010","MAHOUT-479 "
"09/19/2010","MAHOUT-323 "
"09/17/2010","MAHOUT-503 "
"09/14/2010","MAHOUT-294:"
"09/08/2010","MAHOUT-497 "
"09/08/2010","MAHOUT-493 "
"09/07/2010","MAHOUT-338:"
"09/06/2010","MAHOUT-338:"
"09/04/2010","MAHOUT-495 "
"09/03/2010","MAHOUT-479:"
"08/23/2010","MAHOUT-479:"
"08/21/2010","MAHOUT-479:"
"08/19/2010","MAHOUT-228 "
"08/19/2010","MAHOUT-479:"
"08/18/2010","MAHOUT-482:"
"08/18/2010","MAHOUT-467:"
"08/14/2010","MAHOUT-451:"
"08/10/2010","MAHOUT-457:"
"08/10/2010","MAHOUT-442:"
"07/31/2010","MAHOUT-449 "
"07/25/2010","MAHOUT-448 "
"07/24/2010","MAHOUT-294:"
"07/24/2010","MAHOUT-167 "
"07/24/2010","MAHOUT-427 "
"07/23/2010","MAHOUT-446:"
"07/23/2010","MAHOUT-294:"
"07/22/2010","MAHOUT-444 "
"07/22/2010","MAHOUT-294:"
"07/22/2010","MAHOUT-444 "
"07/22/2010","MAHOUT-443 "
"07/22/2010","MAHOUT-294:"
"07/12/2010","MAHOUT-438 "
"07/12/2010","MAHOUT-436 "
"07/11/2010","MAHOUT-437 "
"07/08/2010","MAHOUT-426:"
"07/08/2010","MAHOUT-167:"
"07/08/2010","MAHOUT-167 "
"07/08/2010","MAHOUT-404:"
"07/08/2010","MAHOUT-167,"
"07/01/2010","MAHOUT-374:"
"07/01/2010","MAHOUT-374:"
"06/30/2010","MAHOUT-431 "
"06/16/2010","MAHOUT-167:"
"06/09/2010","MAHOUT-167:"
"06/08/2010","MAHOUT-404:"
"06/03/2010","MAHOUT-408:"
"06/02/2010","MAHOUT-405 "
"06/02/2010","MAHOUT-407 "
"05/26/2010","MAHOUT-231 "
"05/26/2010","MAHOUT-231 "
"05/26/2010","MAHOUT-231 "
"05/26/2010","MAHOUT-231 "
"05/23/2010","MAHOUT-294:"
"05/07/2010","MAHOUT-302:"
"05/07/2010","MAHOUT-302 "
"05/06/2010","MAHOUT-302:"
"04/30/2010","MAHOUT-236:"
"04/29/2010","MAHOUT-387 "
"04/23/2010","MAHOUT-236:"
"04/08/2010","MAHOUT-270:"
"04/07/2010","MAHOUT-367 "
"04/07/2010","MAHOUT-358 "
"04/06/2010","MAHOUT-362 "
"04/06/2010","MAHOUT-362 "
"04/06/2010","MAHOUT-362 "
"04/05/2010","MAHOUT-362 "
"04/05/2010","MAHOUT-362 "
"04/05/2010","MAHOUT-361 "
"04/05/2010","MAHOUT-323 "
"04/03/2010","MAHOUT-361 "
"04/03/2010","MAHOUT-361 "
"04/03/2010","MAHOUT-339:"
"03/10/2010","MAHOUT-317:"
"02/22/2010","MAHOUT-300 "
"02/22/2010","MAHOUT-300 "
"02/22/2010","MAHOUT-300 "
"02/22/2010","MAHOUT-300 "
"02/22/2010","MAHOUT-297 "
"02/22/2010","MAHOUT-300 "
"02/13/2010","MAHOUT-291 "
"02/13/2010","MAHOUT-290:"
"02/13/2010","MAHOUT-290:"
"02/12/2010","MAHOUT-185:"
"02/11/2010","MAHOUT-285 "
"02/11/2010","MAHOUT-285 "
"02/10/2010","MAHOUT-270:"
"02/09/2010","MAHOUT-270:"
"02/09/2010","MAHOUT-242 "
"02/09/2010","MAHOUT-282 "
"02/05/2010","MAHOUT-221 "
"02/05/2010","MAHOUT-237 "
"01/21/2010","MAHOUT-251:"
"01/18/2010","MAHOUT-251:"
"01/18/2010","MAHOUT-251:"
"01/18/2010","MAHOUT-256:"
"01/17/2010","MAHOUT-254:"
"01/17/2010","MAHOUT-237 "
"01/17/2010","MAHOUT-252:"
"01/14/2010","MAHOUT-206 "
"01/14/2010","MAHOUT-244 "
"01/14/2010","MAHOUT-245 "
"01/14/2010","MAHOUT-243:"
"01/10/2010","MAHOUT-85 A"
"01/07/2010","MAHOUT-221 "
"01/07/2010","MAHOUT-220 "
"01/06/2010","MAHOUT-235 "
"01/05/2010","MAHOUT-163:"
"01/02/2010","MAHOUT-163:"
"12/31/2009","MAHOUT-163:"
"12/31/2009","MAHOUT-163:"
"12/31/2009","MAHOUT-163:"
"12/30/2009","MAHOUT-230:"
"12/29/2009","MAHOUT-229 "
"12/28/2009","MAHOUT-229 "
"12/23/2009","More MAHOUT"
"12/22/2009","MAHOUT-226 "
"12/22/2009","MAHOUT-226 "
"12/20/2009","MAHOUT-225:"
"12/18/2009","MAHOUT-210 "
"12/17/2009","MAHOUT-210 "
"12/17/2009","MAHOUT-210 "
"12/17/2009","MAHOUT-210 "
"12/17/2009","MAHOUT-210 "
"12/15/2009","MAHOUT-222 "
"12/11/2009","MAHOUT-218:"
"11/27/2009","MAHOUT-204 "
"11/26/2009","MAHOUT-204 "
"11/26/2009","MAHOUT-204 "
"11/25/2009","MAHOUT-204 "
"11/25/2009","MAHOUT-204 "
"11/25/2009","MAHOUT-204 "
"11/25/2009","MAHOUT-204:"
"11/23/2009","MAHOUT-165:"
"11/23/2009","MAHOUT-165:"
"11/12/2009","MAHOUT-198:"
"11/05/2009","MAHOUT-195:"
"11/04/2009","MAHOUT-190 "
"10/20/2009","MAHOUT-171 "
"10/20/2009","MAHOUT-188 "
"10/20/2009","MAHOUT-171 "
"10/17/2009","MAHOUT-177 "
"10/12/2009","MAHOUT-133 "
"10/03/2009","MAHOUT-145 "
"09/30/2009","MAHOUT-140 "
"09/29/2009","MAHOUT-122 "
"09/21/2009","MAHOUT-138 "
"09/18/2009","MAHOUT-134 "
"09/18/2009","MAHOUT-138 "
"09/18/2009","MAHOUT-138 "
"09/09/2009","MAHOUT-176:"
"09/06/2009","MAHOUT-159:"
"08/17/2009","MAHOUT-123:"
"08/17/2009","MAHOUT-158 "
"08/10/2009","MAHOUT-161:"
"08/09/2009","MAHOUT-121:"
"08/09/2009","MAHOUT-121:"
"08/08/2009","MAHOUT-121:"
"08/04/2009","MAHOUT-155:"
"07/29/2009","MAHOUT-152:"
"07/27/2009","MAHOUT-149 "
"07/23/2009","MAHOUT-147:"
"07/17/2009","MAHOUT-144:"
"06/25/2009","MAHOUT-121:"
"06/22/2009","MAHOUT-137:"
"06/22/2009","MAHOUT-137:"
"06/20/2009","- MAHOUT-65"
"06/19/2009","- MAHOUT-65"
"06/19/2009","- MAHOUT-65"
"06/18/2009","MAHOUT-126:"
"06/18/2009","MAHOUT-126:"
"06/18/2009","MAHOUT-126:"
"06/17/2009","MAHOUT-65: "
"06/15/2009","MAHOUT-132:"
"06/09/2009","MAHOUT-130:"
"06/05/2009","MAHOUT-128:"
"04/21/2009","MAHOUT-118 "
"03/19/2009","MAHOUT-99: "
"02/25/2009","MAHOUT-107:"
"02/09/2009","MAHOUT-104:"
"02/09/2009","MAHOUT-104:"
"02/07/2009","MAHOUT-104:"
"02/05/2009","MAHOUT-104:"
"02/05/2009","MAHOUT-104:"
"02/04/2009","MAHOUT-104:"
"02/04/2009","MAHOUT-104:"
"02/04/2009","MAHOUT-104:"
"02/03/2009","MAHOUT-104:"
"02/03/2009","MAHOUT-104:"
"02/02/2009","MAHOUT-104,"
"12/24/2008","Fix MAHOUT-"
"12/03/2008","Fix MAHOUT-"
"12/03/2008","MAHOUT-79: "
"11/01/2008","MAHOUT-92: "
"10/31/2008","MAHOUT-91: "
"10/31/2008","MAHOUT-60: "
"08/20/2008","MAHOUT-60: "
"08/19/2008","MAHOUT-56: "
"08/15/2008","MAHOUT-56 m"
"05/10/2008","MAHOUT-37: "
"04/19/2008","MAHOUT-36 W"
"04/18/2008","MAHOUT-41 m"
"04/17/2008","MAHOUT-41, "
"03/14/2008","MAHOUT-13: "
